{"cameraMode":{"drawMode":0,"name":"Shaded","section":"Shading Mode"},"sceneLighting":true,"audioPlay":false,"sceneViewState":{"m_AlwaysRefresh":false,"showFog":true,"showSkybox":true,"showFlares":true,"showImageEffects":true,"showParticleSystems":true,"showVisualEffectGraphs":true,"m_FxEnabled":true},"in2DMode":false,"pivot":{"x":0.0032129818573594095,"y":-0.7295990586280823,"z":6.25177001953125},"rotation":{"x":-0.1259743869304657,"y":-0.0008952324278652668,"z":0.00011403473763493821,"w":-0.9920357465744019},"size":7.654578685760498,"orthographic":false}